{
  "_generated": "Generated by SweetTooth, do not edit",
  "description": "Compiz wobbly windows effect thanks to compiz plugin engine.\n\nDoes NOT requires any external library\n\nNB:\nIn case of update error please restart Gnome Shell (on Xorg press ALT+F2 then write r and press enter, on Wayland end the session and log in again)\n\n-----------------------------------\n  Video\n-----------------------------------\nhttps://youtu.be/G8bAVIB9A7A",
  "name": "Compiz windows effect",
  "shell-version": [
    "3.28",
    "3.30",
    "3.34",
    "3.32",
    "3.36",
    "3.38",
    "40",
    "41",
    "42"
  ],
  "url": "https://github.com/hermes83/compiz-windows-effect",
  "uuid": "compiz-windows-effect@hermes83.github.com",
  "version": 17
}