<?xml version="1.0" encoding="UTF-8"?>
<schemalist>
    <schema id="org.gnome.shell.extensions.com.github.hermes83.compiz-windows-effect" path="/org/gnome/shell/extensions/com/github/hermes83/compiz-windows-effect/">

        <key type="d" name="friction">
            <default>3.5</default>
            <summary>Friction</summary>
            <description/>
        </key>

        <key type="d" name="spring-k">
            <default>8.5</default>
            <summary>Spring k</summary>
            <description/>
        </key>

        <key type="d" name="speedup-factor-divider">
            <default>16.0</default>
            <summary>Speedup Factor</summary>
            <description/>
        </key>

        <key type="d" name="mass">
            <default>50.0</default>
            <summary>Mass</summary>
            <description/>
        </key>

        <key type="d" name="x-tiles">
            <default>6.0</default>
            <summary>X Tiles</summary>
            <description/>
        </key>

        <key type="d" name="y-tiles">
            <default>6.0</default>
            <summary>Y Tiles</summary>
            <description/>
        </key>

        <key type="b" name="maximize-effect">
            <default>true</default>
            <summary>Maximize effect</summary>
            <description/>
        </key>

        <key type="b" name="resize-effect">
            <default>false</default>
            <summary>Resize effect</summary>
            <description/>
        </key>
    </schema>
</schemalist>