{
  "_generated": "Generated by SweetTooth, do not edit",
  "description": "Magic lamp effect inspired by the Compiz ones\n\nNB:\nIn case of update error please restart Gnome Shell (on Xorg press ALT+F2 then write r and press enter, on Wayland end the session and log in again)",
  "name": "Compiz alike magic lamp effect",
  "shell-version": [
    "3.28",
    "3.30",
    "3.34",
    "3.32",
    "3.36",
    "3.38",
    "40",
    "41",
    "42"
  ],
  "url": "https://github.com/hermes83/compiz-alike-magic-lamp-effect",
  "uuid": "compiz-alike-magic-lamp-effect@hermes83.github.com",
  "version": 12
}